position,GREM1_R_i,GREM2_R_i
92_W,0.027180573246868598,0.039213291946038994
52_T,0.009763765524724487,0.00601376970424754
28_H,0.005811775750388914,0.008573874242840354
55_E,0.0037156591966349566,0.006406543464161555
27_D,0.006091958859278895,0.005735316067714604
53_S,0.0058688959208295375,0.004604489335841598
32_W,0.0053954440457474545,0.005857383406674757
49_S,0.004179447974494928,0.0046670453588306595
96_R,0.0007039294886948505,0.0020879864079830788
50_G,0.001920097090579692,0.0012836940676916099
