position,GREM1_R_i,GREM2_R_i
57_F,0.11197628932114712,0.08299917746679264
52_F,0.056007368298446845,0.05123085283296501
101_L,0.04957097171962395,0.047203892309597234
103_R,0.023114133711091892,0.023369450021200208
31_G,0.012428061191471608,0.01666826284013466
58_S,0.012289789911241501,0.008566473820092726
54_Y,0.003626059288724479,0.004442628948507394
59_N,0.004002512772289031,0.0040295528865208615
55_N,0.0029438593790738522,0.0030981802737783514
33_Y,0.002567422050659679,0.002445840552474871
