position,GREM1_R_i,GREM2_R_i
52_H,0.057965904496974016,0.05086943345813448
54_N,0.03306949049082954,0.03013831273701072
102_L,0.024620221369621553,0.023728390521681266
27_N,0.0027929970724688757,0.006504296122621418
100_R,0.004762385035387864,0.0049514487771153025
57_N,0.004017239424398146,0.0034973861541773552
99_S,0.0026278653135035496,0.0029843348770946113
33_W,0.002812391048255666,0.00295958999262826
50_M,0.0,0.0024854851046296864
55_S,0.002252002300032611,0.0018921189909755214
