position,GREM1_R_i,GREM2_R_i
57_F,0.08379707536830235,0.10635076761356574
52_F,0.057277767128927154,0.05357315070230703
101_L,0.05545054297625794,0.04805314229964543
103_R,0.021827832671765714,0.021762882519908527
31_G,0.018992092041225154,0.016987216082435426
58_S,0.010237817468937973,0.013826232764478991
54_Y,0.009469399542805868,0.008437517545779984
33_Y,0.0034793958048905203,0.0032403869323301897
59_N,0.0018728583528380119,0.003019170274909028
51_F,0.0026290731503016383,0.0028253881502535642
