position,GREM1_R_i,GREM2_R_i
92_W,0.032087030579128234,0.03679129802079084
27_D,0.011956726604011887,0.012247707138603434
28_H,0.010452762963898264,0.008609940656222082
52_T,0.007511739324266023,0.009559610717164723
32_W,0.006161166627628005,0.006305054055144638
49_S,0.0031761586821535057,0.005783400272803926
53_S,0.0037540661401242546,0.005734152767869095
55_E,0.0018842713111661491,0.005431819690131306
30_N,0.0029224105493409792,0.00244267100504661
50_G,0.001613836404227376,0.0020866162283565038
